id,codigo,nome,dt_inicio,dt_fim,cod_rubrica_esocial,campo_fixo,restricao_nao_exibir
rubr_resc_50,50,Saldo de <<>>/dias Salário (líquido de <<>>/faltas e DSR),2014-01-01,,eSocial3000;eSocial5060;eSocial5070,S,
rubr_resc_51,51,Comissões,2014-01-01,,,S,
rubr_resc_52,52,Gratificação,2014-01-01,,eSocial1410,S,
rubr_resc_53,53,Adic. de Insalubridade <<>>%,2014-01-01,,eSocial1300,S,
rubr_resc_54,54,Adic. de Periculosidade <<>>%,2014-01-01,,eSocial1310,S,
rubr_resc_55_1,55.1,Adic. Noturno <<>> Horas a <<>>%,2014-01-01,,eSocial1130,S,
rubr_resc_55_2,55.2,Adic. Noturno em Dobro <<>> Horas a <<>>%,2014-01-01,,eSocial1131,N,
rubr_resc_56_1,56.1,Horas Extras <<>> Horas a <<>>%,2014-01-01,,eSocial1100,S,
rubr_resc_56_2,56.2,Horas Extras Noturnas <<>> Horas a <<>>%,2014-01-01,,eSocial1101,N,
rubr_resc_56_3,56.3,Horas Extras em Dobro <<>> Horas a <<>>%,2014-01-01,,eSocial1102,N,
rubr_resc_56_4,56.4,Horas Extras Noturnas em Dobro <<>> Horas a <<>>%,2014-01-01,,eSocial1103,N,
rubr_resc_56_5,56.5,Horas Extras Banco de Horas <<>> Horas a <<>>%,2014-01-01,,eSocial1120,N,
rubr_resc_57,57,Gorjetas,2014-01-01,,,S,
rubr_resc_58,58,Descanso Semanal Remunerado (DSR),2014-01-01,,eSocial1200,S,
rubr_resc_59,59,Reflexo do DSR sobre Salário Variável,2014-01-01,,,S,eSocial1210;eSocial1211;eSocial1212
rubr_resc_59_1,59.1,Reflexo do DSR sobre Salário Variável (Horas Extras),2014-01-01,,eSocial1210,N,
rubr_resc_59_2,59.2,Reflexo do DSR sobre Salário Variável (Adicional Noturno),2014-01-01,,eSocial1211,N,
rubr_resc_59_3,59.3,Reflexo do DSR sobre Salário Variável (Adicional de Viagem do Empregado Doméstico),2014-01-01,,eSocial1212,N,
rubr_resc_60,60,"Multa por atraso no pagamento da rescisão (art. 477, § 8º, da CLT)",2014-01-01,,eSocial3110,S,
rubr_resc_61,61,Indenização pela Extinção Antecipada do Contrato a Termo pelo Empregador,2014-01-01,,eSocial3100,N,
rubr_resc_62,62,Salário-Família,2014-01-01,2017-01-31,eSocial1720,S,
rubr_resc_62_22,62,Salário-Família,2017-02-01,,eSocial1720;eSocial1721,S,
rubr_resc_63,63,13º Salário Proporcional <<>>/12 avos,2014-01-01,,eSocial3020,S,
rubr_resc_64_1,64.1,13º Salário–Exerc. <<>> - <<>>/12 avos,2014-01-01,,eSocial1810,S,
rubr_resc_65,65,Férias Proporc <<>>/12 avos,2014-01-01,,eSocial3050,S,
rubr_resc_66,66,Férias Venc. Per. Aquisitivo DD/MM/AAAA  a DD/MM/AAAA,2014-01-01,,eSocial3060,S,
rubr_resc_67,67,Férias Vencidas (Reflexo/Dobra) Per. Aquisitivo AAAA a AAAA,2014-01-01,,eSocial3040,N,
rubr_resc_68,68,Terço Constituc. de Férias,2014-01-01,,eSocial3070,S,
rubr_resc_69,69,Aviso Prévio Indenizado <<>>/dias,2014-01-01,,eSocial3030,S,
rubr_resc_70,70,13º Salário (Aviso Prévio Indenizado),2014-01-01,,eSocial3010,S,
rubr_resc_71,71,Férias (Aviso Prévio Indenizado),2014-01-01,,eSocial3065,S,
rubr_resc_73,73,Prêmios,2014-01-01,,eSocial1430,N,
rubr_resc_79,79,Salário-Família Excedente,2014-01-01,,eSocial1730,N,
rubr_resc_89,89,Abonos Desvinculados do Salário,2014-01-01,,eSocial1620,N,
rubr_resc_95_1,95.1,DSR - Descanso Semanal Remunerado em Dobro,2014-01-01,2016-11-30,eSocial1220,N,
rubr_resc_95_1_36,95.1,Descanso Semanal e/ou Feriado Trabalhados,2016-12-01,,eSocial1220,N,
rubr_resc_95_2,95.2,Adicional de Viagem do Empregado Doméstico,2014-01-01,,eSocial1340,N,
rubr_resc_95_3,95.3,Intervalo para Repouso e Alimentação não Concedido,2014-01-01,,eSocial1140,N,
rubr_resc_95_4,95.4,Intervalo entre Duas Jornadas de Trabalho não Concedido,2014-01-01,,eSocial1150,N,
rubr_resc_95_5,95.5,Abonos,2014-01-01,,eSocial1600,N,
rubr_resc_95_6,95.6,Outros Adicionais,2014-01-01,,eSocial1350,N,
rubr_resc_95_7,95.7,13º Salário Complementar,2014-01-01,,eSocial1820,N,
rubr_resc_95_8,95.8,Férias Gozadas no Mês,2014-01-01,,eSocial1910,N,
rubr_resc_95_9,95.9,Terço Constitucional de Férias Gozadas no Mês,2014-01-01,,eSocial1920,N,
rubr_resc_95_10,95.10,Abono Pecuniário de Férias,2014-01-01,,eSocial1930,N,
rubr_resc_95_11,95.11,Terço Constitucional de Férias sobre Abono Pecuniário,2014-01-01,,eSocial1940,N,
rubr_resc_95_12,95.12,Férias Gozadas (Reflexo/Dobra),2014-01-01,,eSocial1950,N,
rubr_resc_95_13,95.13,Abono Pecuniário de Férias (Reflexo/Dobra),2014-01-01,,eSocial1955,N,
rubr_resc_95_14,95.14,Indenização por Quebra de Estabilidade,2014-01-01,2016-06-30,eSocial3120,N,
rubr_resc_95_15,95.15,Diferença de Remuneração Mensal,2014-01-01,2016-06-30,eSocial3500,N,
rubr_resc_95_16,95.16,Diferença de 13º Salário,2014-01-01,2016-06-30,eSocial3501,N,
rubr_resc_95_17,95.17,Diferença de Férias Gozadas,2014-01-01,2016-06-30,eSocial3502,N,
rubr_resc_95_18,95.18,Diferença de Verbas Indenizatórias,2014-01-01,2016-06-30,eSocial3503,N,
rubr_resc_95_14_54,95.14,Diferença de Férias Gozadas,2016-07-01,,eSocial3508,N,
rubr_resc_95_15_55,95.15,Diferença do Adicional de 1/3 sobre Férias Gozadas,2016-07-01,,eSocial3509,N,
rubr_resc_95_16_56,95.16,Diferença de Abono Pecuniário de Férias,2016-07-01,,eSocial3510,N,
rubr_resc_95_17_57,95.17,Diferença do Adicional de 1/3 sobre Abono Pecuniário,2016-07-01,,eSocial3511,N,
rubr_resc_95_18_58,95.18,Diferença da Dobra de Férias na Vigência do Contrato,2016-07-01,,eSocial3512,N,
rubr_resc_95_19,95.19,Diferença da Dobra de Abono Pecuniário de Férias,2016-07-01,,eSocial3513,N,
rubr_resc_95_20,95.20,Indenização por Quebra de Estabilidade,2016-07-01,,eSocial3120,N,
rubr_resc_95_21,95.21,Retroativo – Diferença de Remuneração Mensal,2016-07-01,,eSocial3500,N,
rubr_resc_95_22,95.22,Retroativo – Diferença de 13º Salário,2016-07-01,,eSocial3501,N,
rubr_resc_95_23,95.23,Retroativo – Diferença de Férias Gozadas,2016-07-01,,eSocial3502,N,
rubr_resc_95_24,95.24,Retroativo – Diferença de Verbas Indenizatórias,2016-07-01,,eSocial3503,N,
rubr_resc_95_25,95.25,Compensação de Provisão de INSS sobre Férias no Mês,2014-01-01,,eSocial5183,N,
rubr_resc_95_26,95.26,Pagamento prorrogado - Adicional 1/3 sobre férias,2020-04-01,2020-05-31,eSocial1925;eSocial4000,N,
rubr_resc_95_26_67,95.26,Pagamento prorrogado - Adicional 1/3 sobre férias,2020-06-01,2020-12-31,eSocial4000,N,
rubr_resc_95_26_68,95.26,Pagamento prorrogado - Adicional 1/3 sobre férias,2021-04-01,2021-12-31,eSocial1925;eSocial4000,N,
rubr_resc_95_27,95.27,Pagamento prorrogado - Abono pecuniário de férias + 1/3,2020-04-01,2020-05-31,eSocial1945;eSocial4001,N,
rubr_resc_95_27_70,95.27,Pagamento prorrogado - Abono pecuniário de férias + 1/3,2020-06-01,2020-12-31,eSocial4001,N,
rubr_resc_95_27_71,95.27,Pagamento prorrogado - Abono pecuniário de férias + 1/3,2021-04-01,2021-12-31,eSocial1945;eSocial4001,N,
rubr_resc_95_28,95.28,Ajuda Compensatória - Lei 14.020/2020,2020-04-01,2020-12-31,eSocial2000,N,
rubr_resc_95_28_73,95.28,Ajuda Compensatória - MP 1.045/2021,2021-04-01,,eSocial2000,N,
rubr_resc_95_29,95.29,Indenização Rescisória - Prog. Emerg. de Manut. do Emprego e da Renda,2020-04-01,,eSocial3200,N,
rubr_resc_95_30,95.30,Indenização do art. 9º da Lei 7.238/1984,2014-01-01,,eSocial3080,N,
rubr_resc_95_31,95.31,Indenização do art. 14º da Lei 5.889/1973,2014-01-01,,eSocial3090,N,
rubr_resc_95_32,95.32,Compensação de provisão de parcela de empréstimo eConsignado no mês - Férias,2025-05-01,,eSocial9783,N,
rubr_resc_99,99,Ajuste do Saldo Devedor,2014-01-01,,eSocial1840,N,
rubr_resc_100_1,100.1,Pensão Alimentícia – Salário,2014-01-01,,eSocial5110,S,
rubr_resc_100_2,100.2,Pensão Alimentícia – 13° salário,2014-01-01,,eSocial5111,N,
rubr_resc_100_3,100.3,Pensão Alimentícia – Férias,2014-01-01,,eSocial5112,N,
rubr_resc_101,101,Adiantamento Salarial,2014-01-01,,eSocial5098,S,
rubr_resc_102,102,Adiantamento 13º Salário,2014-01-01,,eSocial5040,S,
rubr_resc_103,103,Aviso Prévio Indenizado <<>>/dias,2014-01-01,,eSocial5000,S,
rubr_resc_104,104,Indenização pela Extinção Antecipada do Contrato a Termo pelo Empregado,2014-01-01,,eSocial5010,N,
rubr_resc_106,106,Vale Transporte – Restituição,2014-01-01,,eSocial5095,N,
rubr_resc_107,107,Vale Transporte,2014-01-01,,eSocial5090,N,
rubr_resc_111_1,111.1,Contribuição Sindical – Compulsória,2014-01-01,,eSocial5120,N,
rubr_resc_111_2,111.2,Contribuição Sindical – Associativa,2014-01-01,,eSocial5121,N,
rubr_resc_111_3,111.3,Contribuição Sindical – Assistencial,2014-01-01,,eSocial5122,N,
rubr_resc_111_4,111.4,Contribuição Sindical – Confederativa,2014-01-01,,eSocial5123,N,
rubr_resc_112_1,112.1,Previdência Social,2014-01-01,,eSocial5180,S,
rubr_resc_112_2,112.2,Prev Social - 13º Salário,2014-01-01,,eSocial5181,S,
rubr_resc_114_1,114.1,IRRF,2014-01-01,,eSocial5190,S,
rubr_resc_114_2,114.2,IRRF sobre 13º Salário,2014-01-01,,eSocial5192,S,
rubr_resc_114_3,114.3,IRRF sobre Férias,2014-01-01,,eSocial5191,N,
rubr_resc_115_1,115.1,Atrasos,2014-01-01,,eSocial5050,N,
rubr_resc_115_2,115.2,Seguro de Vida,2014-01-01,,eSocial5160,N,
rubr_resc_115_3,115.3,Assistência Médica e/ou Odontológica,2014-01-01,,eSocial5166,N,
rubr_resc_115_4,115.4,Previdência Privada,2014-01-01,,eSocial5150,N,
rubr_resc_115_5,115.5,Habitação,2014-01-01,,eSocial5170,N,
rubr_resc_115_6,115.6,Danos Causados pelo Empregado,2014-01-01,,eSocial5140,N,
rubr_resc_115_7,115.7,Pagamento do 13º Salário,2014-01-01,,eSocial5041,N,
rubr_resc_115_8,115.8,Pagamento de Férias Gozadas e Abono Pecuniário,2014-01-01,,eSocial5031,N,
rubr_resc_115_9,115.9,13º Salário Complementar,2014-01-01,,eSocial5048,N,
rubr_resc_115_10,115.10,Diferença de Descontos Indenizatórios,2014-01-01,2016-06-30,eSocial5500,N,
rubr_resc_115_10_107,115.10,Retroativo – Diferença de Descontos Indenizatórios,2016-07-01,,eSocial5500,N,
rubr_resc_115_11,115.11,Devolução de Remuneração Mensal,2016-07-01,,eSocial5550,N,
rubr_resc_115_12,115.12,Devolução de 13º Salário – Ano Corrente,2016-07-01,,eSocial5551,N,
rubr_resc_115_13,115.13,Devolução de 13º Salário – Anos Anteriores,2016-07-01,,eSocial5554,N,
rubr_resc_115_14,115.14,Devolução de Férias Gozadas,2016-07-01,,eSocial5552,N,
rubr_resc_115_15,115.15,Devolução de Verbas Indenizatórias,2016-07-01,,eSocial5553,N,
rubr_resc_115_16,115.16,Pagamento de Férias Antecipadas (Gozadas e/ou Vendidas) em Período Aquisitivo em Curso,2020-04-01,,eSocial5032,N,
rubr_resc_116,116,Valor Líquido de TRCT Quitado – Decisão Judicial,2014-01-01,,eSocial5199,N,
rubr_resc_118,118,Antecipação de Pagamento de Férias,2014-01-01,,eSocial5029,N,
rubr_resc_119,119,Desconto Empréstimo eConsignado,2025-05-01,,eSocial9700,N,
rubr_resc_120,120,Apoio Financeiro MP 1.230/2024,2024-06-01,,eSocial5200,N,
