id,codigo,nome,dt_inicio,dt_fim,cnpj
inst_emp_001,001,BANCO DO BRASIL S A,2014-01-01,,00000000000191
inst_emp_003,003,BANCO DA AMAZONIA S.A.,2014-01-01,2025-07-31,04902979000144
inst_emp_004,004,BANCO DO NORDESTE DO BRASIL SA  BNB,2014-01-01,,07237373000120
inst_emp_007,007,BNB BANCO DO NORDESTE DO BRASIL S A,2014-01-01,2025-07-31,33657248000189
inst_emp_012,012,BANCO INBURSA SA,2014-01-01,,04866275000163
inst_emp_021,021,BANCO DO ESTADO DO ESPIRITO SANTO,2014-01-01,,28127603000178
inst_emp_029,029,BANCO BANERJ S.A.,2014-01-01,2025-07-31,33885724000119
inst_emp_033,033,BANCO SANTANDER,2014-01-01,,90400888000142
inst_emp_041,041,BANCO DO ESTADO DO RIO GRANDE DO SUL SA,2014-01-01,,92702067000196
inst_emp_047,047,BANCO DO ESTADO DE SERGIPE SA,2014-01-01,,13009717000146
inst_emp_063,063,BANCO IBI S.A.,2014-01-01,2025-07-31,04184779000101
inst_emp_069,069,BPN BRASIL BANCO MÚLTIPLO S.A.,2014-01-01,,61033106000186
inst_emp_070,070,BRB - BANCO DE BRASILIA S.A.,2014-01-01,2025-07-31,00000208000100
inst_emp_074,074,BANCO J. SAFRA S.A.,2014-01-01,2025-07-31,03017677000120
inst_emp_077,077,BANCO INTERMEDIUM S/A,2014-01-01,2025-07-31,00416968000101
inst_emp_079,079,PICPAY BANK,2014-01-01,,09516419000175
inst_emp_081,081,CONCÓRDIA BANCO S.A.,2014-01-01,,10264663000177
inst_emp_085,085,AILOS - COOPERATIVA CENTRAL DE CRÉDITO,2014-01-01,,05463212000129
inst_emp_088,088,RANDON,2025-10-01,,11476673000139
inst_emp_099,099,UNIPRIME,2014-01-01,,03046391000173
inst_emp_104,104,CAIXA ECONOMICA FEDERAL,2014-01-01,,00360305000104
inst_emp_105,105,LECCA,2025-10-01,,07652226000116
inst_emp_120,120,RODOBENS,2014-01-01,,33603457000140
inst_emp_121,121,BANCO AGIBANK SA,2014-01-01,,10664513000150
inst_emp_133,133,CRESOL,2025-11-01,,10398952000169
inst_emp_136,136,UNICRED,2014-01-01,,00315557000111
inst_emp_159,159,CASA DO CREDITO,2014-01-01,2025-07-31,05442029000147
inst_emp_174,174,PEFISA,2014-01-01,2025-07-31,43180355000112
inst_emp_189,189,HS Financeira,2014-01-01,2025-07-31,07512441000111
inst_emp_195,195,VALOR S/A,2014-01-01,,07799277000175
inst_emp_208,208,BTG PACTUAL S.A.,2014-01-01,,30306294000145
inst_emp_213,213,BANCO ARBI S A,2014-01-01,,54403563000150
inst_emp_233,233,BANCO GE CAPITAL S.A.,2014-01-01,2025-07-31,62421979000129
inst_emp_237,237,BANCO BRADESCO S A,2014-01-01,,60746948000112
inst_emp_243,243,BANCO MASTER S A,2014-01-01,2026-01-31,33923798000100
inst_emp_254,254,PARANA BANCO S A,2014-01-01,,14388334000199
inst_emp_274,274,BMP MONEY PLUS,2014-01-01,2025-07-31,34337707000100
inst_emp_276,276,SENFF SA,2014-01-01,,11970623000103
inst_emp_280,280,Will Financeira S.A.,2014-01-01,,23862762000100
inst_emp_281,281,COOPAVEL,2014-01-01,,76461557000191
inst_emp_299,299,Banco Afinz S.A.,2014-01-01,2025-07-31,04814563000174
inst_emp_318,318,BANCO BMG S A,2014-01-01,,61186680000174
inst_emp_321,321,CREFAZ,2014-01-01,2026-01-31,18188384000183
inst_emp_323,323,MERCADO PAGO,2025-10-01,,37679449000138
inst_emp_324,324,CARTOS,2025-12-01,,21332862000191
inst_emp_328,328,POUPECREDI,2014-01-01,2026-01-31,05841967000110
inst_emp_329,329,QI SOCIEDADE DE CREDITO DIRETO S A,2014-01-01,,32402502000135
inst_emp_330,330,BARI S A,2014-01-01,,00556603000174
inst_emp_335,335,BANCO DIGIO,2014-01-01,,27098060000145
inst_emp_341,341,BANCO ITAU SA,2014-01-01,,60701190000104
inst_emp_342,342,CREDITAS,2014-01-01,,32997490000139
inst_emp_343,343,Ffa Sociedade De Crédito Ao Microempreendedor E À Empresa De Pequeno Porte Ltda,2014-01-01,2025-07-31,24537861000171
inst_emp_348,348,BANCO XP S A,2025-10-01,,33264668000286
inst_emp_349,349,AL5,2014-01-01,,27214112000100
inst_emp_358,358,MIDWAY,2025-10-01,,09464032000112
inst_emp_359,359,ZEMA CFI S A,2014-01-01,,05351887000186
inst_emp_368,368,CARREFOUR,2014-01-01,2025-07-31,08357240000150
inst_emp_373,373,UP.P,2014-01-01,,35977097000171
inst_emp_377,377,BMS,2025-12-01,,17826860000181
inst_emp_379,379,COOPERFORTE,2014-01-01,,01658426000108
inst_emp_380,380,PICPAY,2014-01-01,2025-07-31,22896431000110
inst_emp_386,386,NU FINANCEIRA,2014-01-01,,30680829000143
inst_emp_389,389,BANCO MERCANTIL DO BRASIL S A,2014-01-01,,17184037000110
inst_emp_393,393,BANCO VOLKSWAGEN,2025-11-01,,59109165000149
inst_emp_394,394,BANCO FINASA BMC S.A.,2014-01-01,2025-07-31,07207996000150
inst_emp_402,402,AGIL,2014-01-01,,36947229000185
inst_emp_413,413,"BANCO BV S.A,",2014-01-01,,01858774000110
inst_emp_418,418,ZIPDIN - SOLUÇÕES DIGITAIS SOCIED CRED,2014-01-01,,37414009000159
inst_emp_422,422,BANCO SAFRA S A,2014-01-01,,58160789000128
inst_emp_425,425,SOCINAL S.A.,2014-01-01,,03881423000156
inst_emp_426,426,NEON,2014-01-01,,11285104000106
inst_emp_427,427,CRED.UFES,2025-09-01,,27302181000167
inst_emp_435,435,DELBANK,2014-01-01,,38224857000168
inst_emp_440,440,CREDIGENTE,2014-01-01,,82096447000170
inst_emp_449,449,DM SCD,2014-01-01,2025-07-31,37555231000171
inst_emp_451,451,J17,2025-12-01,,40475846000100
inst_emp_452,452,CREDIFIT - SOCIED CRÉDITO DIRETO SA,2014-01-01,,39676772000183
inst_emp_457,457,UY3,2014-01-01,,39587424000130
inst_emp_465,465,CAPITAL CONSIG,2014-01-01,,40083667000110
inst_emp_468,468,PORTOSEG,2025-10-01,,04862600000110
inst_emp_470,470,CDC SDC,2014-01-01,,18394228000179
inst_emp_478,478,Gazincred,2014-01-01,,11760553000169
inst_emp_510,510,FFCRED,2025-10-01,,39738065000174
inst_emp_513,513,ATF BANK,2025-10-01,,44728700000172
inst_emp_516,516,QISTA,2014-01-01,2026-01-31,36583700000101
inst_emp_520,520,SOMAPAY,2025-11-01,,44705774000193
inst_emp_531,531,BMP MONEY PLUS,2014-01-01,,34337707000100
inst_emp_532,532,EAGLE,2014-01-01,,45745537000119
inst_emp_536,536,Neon,2014-01-01,2025-07-31,11285104000106
inst_emp_538,538,SUDACRED,2025-11-01,,20251847000156
inst_emp_539,539,SANTINVEST,2014-01-01,,00122327000136
inst_emp_540,540,HBI SCD,2014-01-01,,04849745000180
inst_emp_543,543,COOPCRECE,2014-01-01,,92825397000179
inst_emp_548,548,EMPRESTA CAPITAL,2014-01-01,,06249129000114
inst_emp_555,555,PAN FINANCEIRA,2014-01-01,,02682287000102
inst_emp_572,572,ALL IN CRED,2025-11-01,,51414521000126
inst_emp_585,585,SETHI,2025-10-01,,50946592000107
inst_emp_589,589,G5 SCD,2025-09-01,,51212088000146
inst_emp_598,598,KONECT,2014-01-01,,50626276000158
inst_emp_604,604,BANCO INDUSTRIAL DO BRASIL S.A.,2014-01-01,2025-07-31,31895683000116
inst_emp_610,610,BANCO VR,2014-01-01,,78626983000163
inst_emp_611,611,BANCO PAULISTA S A,2014-01-01,,61820817000109
inst_emp_623,623,BANCO PAN S A,2014-01-01,,59285411000113
inst_emp_626,626,BANCO C6 CONSIGNADO S A,2014-01-01,,61348538000186
inst_emp_632,632,Z-ON,2025-12-01,,52586293000134
inst_emp_636,636,GIRO SOCIEDADE DE CRÉDITO DIREITO,2025-12-01,,40112555000140
inst_emp_643,643,BANCO PINE S A,2014-01-01,,62144175000120
inst_emp_644,644,321BANK SOCIEDADE DE CREDITO DIRETO S.A,2014-01-01,,54647259000158
inst_emp_654,654,BANCO RENNER S A,2014-01-01,,92874270000140
inst_emp_655,655,BANCO VOTORANTIM S A,2014-01-01,,59588111000103
inst_emp_668,668,VIA CAPITAL,2014-01-01,,48632754000190
inst_emp_676,676,DUFRIO,2014-01-01,,35479592000150
inst_emp_678,678,FIDEM,2025-11-01,,45716916000180
inst_emp_680,680,Delta Global Bank,2014-01-01,2025-07-31,55823094000190
inst_emp_707,707,BANCO DAYCOVAL S A,2014-01-01,,62232889000190
inst_emp_739,739,BANCO BGN S.A.,2014-01-01,2025-07-31,00558456000171
inst_emp_741,741,BRP - BANCO RIBEIRAO PRETO S.A.,2014-01-01,,00517645000104
inst_emp_748,748,BANCO COOPERATIVO SICREDI S A,2014-01-01,,01181521000155
inst_emp_752,752,BANCO BNP PARIBAS BRASIL S.A.,2014-01-01,2025-07-31,01522368000182
inst_emp_753,753,NOVO BANCO CONTINENTAL S A,2014-01-01,,74828799000145
inst_emp_756,756,BANCO COOPERATIVO SICOOB S.A.,2014-01-01,,02038232000164
inst_emp_759,759,BANSUR,2025-12-01,,42963742000162
inst_emp_760,760,EMCASH,2025-10-01,,34139916000149
inst_emp_768,768,Becker Financeira,2025-10-01,,20443996000117
inst_emp_796,796,COOPLUIZA,2025-10-01,,02093154000109
inst_emp_803,803,COOPASPACER,2025-09-01,,02541707000130
inst_emp_804,804,COOPERATA,2025-09-01,,52046299000119
inst_emp_808,808,Unilever,2025-10-01,,53272365000131
inst_emp_812,812,COOPERFEMSA,2025-09-01,,43488782000162
inst_emp_818,818,MINUANO,2025-09-01,,88325113000108
inst_emp_825,825,COOPERCREDS,2025-12-01,,62284385000113
inst_emp_842,842,Coperura,2025-10-01,,17607375000117
inst_emp_843,843,Cooperáguia,2025-10-01,,27171974000194
inst_emp_844,844,SULCRED,2025-12-01,,31746993000179
inst_emp_846,846,COOPERINFOR,2025-10-01,,28435685000118
inst_emp_853,853,COOPITAU,2025-11-01,,43446335000140
inst_emp_856,856,COOPCREDMAIS,2025-11-01,,18140913000179
inst_emp_857,857,COOPECIC,2025-12-01,,19495266000180
inst_emp_858,858,C.B.A.,2025-12-01,,54335401000121
inst_emp_859,859,COOPSELENE,2025-10-01,,72952138000100
inst_emp_863,863,PROMOCRED,2025-12-01,,04478231000166
inst_emp_888,888,ECT,2014-01-01,2025-07-31,34028316000103
inst_emp_897,897,Banco VOTORANTIM,2025-12-01,,75174953000175
inst_emp_901,901,Sul Financeira,2014-01-01,2025-07-31,92764489000196
inst_emp_902,902,Crefisa,2014-01-01,2025-07-31,60779196000196
inst_emp_903,903,BANCO INTER SA,2014-01-01,,00416968000101
inst_emp_905,905,Alfa,2014-01-01,2025-07-31,17167412000113
inst_emp_908,908,PARATI CFI S A,2014-01-01,,03311443000191
inst_emp_910,910,SANTINVEST S A,2014-01-01,2025-07-31,00122327000136
inst_emp_917,917,Socicred,2014-01-01,2025-07-31,05289612000160
inst_emp_921,921,Crediare,2014-01-01,2025-07-31,05676026000178
inst_emp_925,925,BRB Credito e Financiamento S A,2014-01-01,2025-07-31,33136888000143
inst_emp_926,926,Mercantil Financeira Merc do Brasil Fin,2014-01-01,2025-07-31,33040601000187
inst_emp_932,932,Gazincred,2014-01-01,2025-07-31,11760553000169
inst_emp_934,934,AGIBANK FINANCEIRA S.A.,2014-01-01,2025-07-31,13660104000174
inst_emp_935,935,FACTA FINANCEIRA S A,2014-01-01,,15581638000130
inst_emp_936,936,Sicoob Coopernapi,2014-01-01,2025-07-31,16564240000159
inst_emp_954,954,DIGIO,2014-01-01,2025-07-31,27098060000145
inst_emp_957,957,Via Certa,2014-01-01,2025-07-31,05192316000146
inst_emp_961,961,VALOR SCM,2014-01-01,2025-07-31,07799277000175
inst_emp_964,964,FINANC BECKER,2014-01-01,2025-07-31,20443996000117
inst_emp_965,965,COOPER JOHNSON,2014-01-01,,45691128000187
inst_emp_968,968,UNIAO SEGURADORA S A VIDA PREVIDENCIA,2014-01-01,2025-07-31,95611141000157
inst_emp_971,971,PINCRED,2014-01-01,2025-07-31,35274306000110
