id,codigo,nome,dt_inicio,dt_fim,cod_cnae
cnae_mei_0121101,0121101,"Horticultura, exceto morango",2016-07-01,,0121101
cnae_mei_0159801,0159801,Apicultura,2016-07-01,,0159801
cnae_mei_0159802,0159802,Criação de animais de estimação,2016-07-01,,0159802
cnae_mei_0161001,0161001,Serviço de pulverização e controle de pragas agrícolas,2016-07-01,,0161001
cnae_mei_0161002,0161002,Serviço de poda de árvores para lavouras,2016-07-01,,0161002
cnae_mei_0161003,0161003,"Serviço de preparação de terreno, cultivo e colheita",2016-07-01,,0161003
cnae_mei_0162802,0162802,Serviço de tosquiamento de ovinos,2016-07-01,,0162802
cnae_mei_0321304,0321304,Criação de peixes ornamentais em água salgada e salobra,2016-07-01,,0321304
cnae_mei_0322104,0322104,Criação de peixes ornamentais em água doce,2016-07-01,,0322104
cnae_mei_0892401,0892401,Extração de sal marinho,2016-07-01,,0892401
cnae_mei_1012101,1012101,Abate de aves,2016-07-01,,1012101
cnae_mei_1013901,1013901,Fabricação de produtos de carne,2016-07-01,,1013901
cnae_mei_1031700,1031700,Fabricação de conservas de frutas,2016-07-01,,1031700
cnae_mei_1032599,1032599,"Fabricação de conservas de legumes e outros vegetais, exceto palmito",2016-07-01,,1032599
cnae_mei_1033301,1033301,"Fabricação de sucos concentrados de frutas, hortaliças e legumes",2016-07-01,,1033301
cnae_mei_1033302,1033302,"Fabricação de sucos de frutas, hortaliças e legumes, exceto concentrados",2016-07-01,,1033302
cnae_mei_1052000,1052000,Fabricação de laticínios,2016-07-01,,1052000
cnae_mei_1061902,1061902,Fabricação de produtos do arroz,2016-07-01,,1061902
cnae_mei_1063500,1063500,Fabricação de farinha de mandioca e derivados,2016-07-01,,1063500
cnae_mei_1064300,1064300,"Fabricação de farinha de milho e derivados, exceto óleos de milho",2016-07-01,,1064300
cnae_mei_1065101,1065101,Fabricação de amidos e féculas de vegetais,2016-07-01,,1065101
cnae_mei_1069400,1069400,Moagem e fabricação de produtos de origem vegetal não especificados anteriormente,2016-07-01,,1069400
cnae_mei_1071600,1071600,Fabricação de açúcar em bruto,2016-07-01,,1071600
cnae_mei_1091101,1091101,Fabricação de produtos de panificação industrial,2016-07-01,,1091101
cnae_mei_1091102,1091102,Fabricação de produtos de padaria e confeitaria com predominância de produção própria,2016-07-01,,1091102
cnae_mei_1092900,1092900,Fabricação de biscoitos e bolachas,2016-07-01,,1092900
cnae_mei_1093701,1093701,Fabricação de produtos derivados do cacau e de chocolates,2016-07-01,,1093701
cnae_mei_1093702,1093702,"Fabricação de frutas cristalizadas, balas e semelhantes",2016-07-01,,1093702
cnae_mei_1094500,1094500,Fabricação de massas alimentícias,2016-07-01,,1094500
cnae_mei_1095300,1095300,"Fabricação de especiarias, molhos, temperos e condimentos",2016-07-01,,1095300
cnae_mei_1096100,1096100,Fabricação de alimentos e pratos prontos,2016-07-01,,1096100
cnae_mei_1099601,1099601,Fabricação de vinagres,2016-07-01,,1099601
cnae_mei_1099604,1099604,Fabricação de gelo comum,2016-07-01,,1099604
cnae_mei_1099605,1099605,"Fabricação de produtos para infusão (chá, mate, etc.)",2016-07-01,,1099605
cnae_mei_1099699,1099699,Fabricação de outros produtos alimentícios não especificados anteriormente,2016-07-01,,1099699
cnae_mei_1122403,1122403,"Fabricação de refrescos, xaropes e pós para refrescos, exceto refrescos de frutas",2016-07-01,,1122403
cnae_mei_1122499,1122499,Fabricação de outras bebidas não-alcoólicas não especificadas anteriormente,2016-07-01,,1122499
cnae_mei_1220499,1220499,"Fabricação de outros produtos do fumo, exceto cigarros, cigarrilhas e charutos",2016-07-01,,1220499
cnae_mei_1311100,1311100,Preparação e fiação de fibras de algodão,2016-07-01,,1311100
cnae_mei_1312000,1312000,"Preparação e fiação de fibras têxteis naturais, exceto algodão",2016-07-01,,1312000
cnae_mei_1321900,1321900,Tecelagem de fios de algodão,2016-07-01,,1321900
cnae_mei_1322700,1322700,"Tecelagem de fios de fibras têxteis naturais, exceto algodão",2016-07-01,,1322700
cnae_mei_1340501,1340501,"Estamparia e texturização em fios, tecidos, artefatos têxteis e peças do vestuário",2016-07-01,,1340501
cnae_mei_1340599,1340599,"Outros serviços de acabamento em fios, tecidos, artefatos têxteis e peças do vestuário",2016-07-01,,1340599
cnae_mei_1351100,1351100,Fabricação de artefatos têxteis para uso doméstico,2016-07-01,,1351100
cnae_mei_1352900,1352900,Fabricação de artefatos de tapeçaria,2016-07-01,,1352900
cnae_mei_1353700,1353700,Fabricação de artefatos de cordoaria,2016-07-01,,1353700
cnae_mei_1359600,1359600,Fabricação de outros produtos têxteis não especificados anteriormente,2016-07-01,,1359600
cnae_mei_1411801,1411801,Confecção de roupas íntimas,2016-07-01,,1411801
cnae_mei_1411802,1411802,Facção de roupas íntimas,2016-07-01,,1411802
cnae_mei_1412601,1412601,"Confecção de peças de vestuário, exceto roupas íntimas e as confeccionadas sob medida",2016-07-01,,1412601
cnae_mei_1412602,1412602,"Confecção, sob medida, de peças do vestuário, exceto roupas íntimas",2016-07-01,,1412602
cnae_mei_1412603,1412603,"Facção de peças do vestuário, exceto roupas íntimas",2016-07-01,,1412603
cnae_mei_1413403,1413403,Facção de roupas profissionais,2016-07-01,,1413403
cnae_mei_1414200,1414200,"Fabricação de acessórios do vestuário, exceto para segurança e proteção",2016-07-01,,1414200
cnae_mei_1421500,1421500,Fabricação de meias,2016-07-01,,1421500
cnae_mei_1422300,1422300,"Fabricação de artigos do vestuário, produzidos em malharias e tricotagens, exceto meias",2016-07-01,,1422300
cnae_mei_1510600,1510600,Curtimento e outras preparações de couro,2016-07-01,,1510600
cnae_mei_1521100,1521100,"Fabricação de artigos para viagem, bolsas e semelhantes de qualquer material",2016-07-01,,1521100
cnae_mei_1529700,1529700,Fabricação de artefatos de couro não especificados anteriormente,2016-07-01,,1529700
cnae_mei_1531901,1531901,Fabricação de calçados de couro,2016-07-01,,1531901
cnae_mei_1531902,1531902,Acabamento de calçados de couro sob contrato,2016-07-01,,1531902
cnae_mei_1539400,1539400,Fabricação de calçados de materiais não especificados anteriormente,2016-07-01,,1539400
cnae_mei_1540800,1540800,"Fabricação de partes para calçados, de qualquer material",2016-07-01,,1540800
cnae_mei_1622699,1622699,Fabricação de outros artigos de carpintaria para construção,2016-07-01,,1622699
cnae_mei_1623400,1623400,Fabricação de artefatos de tanoaria e de embalagens de madeira,2016-07-01,,1623400
cnae_mei_1629301,1629301,"Fabricação de artefatos diversos de madeira, exceto móveis",2016-07-01,,1629301
cnae_mei_1629302,1629302,"Fabricação de artefatos diversos de cortiça, bambu, palha, vime e outros materiais trançados, exceto móveis",2016-07-01,,1629302
cnae_mei_1721400,1721400,Fabricação de papel,2016-07-01,,1721400
cnae_mei_1731100,1731100,Fabricação de embalagens de papel,2016-07-01,,1731100
cnae_mei_1732000,1732000,Fabricação de embalagens de cartolina e papel-cartão,2016-07-01,,1732000
cnae_mei_1742701,1742701,Fabricação de fraldas descartáveis,2016-07-01,,1742701
cnae_mei_1742702,1742702,Fabricação de absorventes higiênicos,2016-07-01,,1742702
cnae_mei_1742799,1742799,Fabricação de produtos de papel para uso doméstico e higiênico-sanitário não especificados anteriormente,2016-07-01,,1742799
cnae_mei_1749400,1749400,"Fabricação de produtos de pastas celulósicas, papel, cartolina, papel-cartão e papelão ondulado não especificados anteriormente",2016-07-01,,1749400
cnae_mei_1813001,1813001,Impressão de material para uso publicitário,2016-07-01,,1813001
cnae_mei_1813099,1813099,Impressão de material para outros usos,2016-07-01,,1813099
cnae_mei_1821100,1821100,Serviços de pré-impressão,2016-07-01,,1821100
cnae_mei_1822901,1822901,Serviços de encadernação e plastificação,2016-07-01,,1822901
cnae_mei_2052500,2052500,Fabricação de desinfestantes domissanitários,2016-07-01,,2052500
cnae_mei_2061400,2061400,Fabricação de sabões e detergentes sintéticos,2016-07-01,,2061400
cnae_mei_2062200,2062200,Fabricação de produtos de limpeza e polimento,2016-07-01,,2062200
cnae_mei_2063100,2063100,"Fabricação de cosméticos, produtos de perfumaria e de higiene pessoal",2016-07-01,,2063100
cnae_mei_2092402,2092402,Fabricação de artigos pirotécnicos,2016-07-01,,2092402
cnae_mei_2219600,2219600,Fabricação de artefatos de borracha não especificados anteriormente,2016-07-01,,2219600
cnae_mei_2229399,2229399,Fabricação de artefatos de material plástico para outros usos não especificados anteriormente,2016-07-01,,2229399
cnae_mei_2319200,2319200,Fabricação de artigos de vidro,2016-07-01,,2319200
cnae_mei_2330399,2330399,"Fabricação de outros artefatos e produtos de concreto, cimento, fibrocimento, gesso e materiais semelhantes",2016-07-01,,2330399
cnae_mei_2342702,2342702,"Fabricação de artefatos de cerâmica e barro cozido para uso na construção, exceto azulejos e pisos",2016-07-01,,2342702
cnae_mei_2349499,2349499,Fabricação de produtos cerâmicos não-refratários não especificados anteriormente,2016-07-01,,2349499
cnae_mei_2391501,2391501,"Britamento de pedras, exceto associado à extração",2016-07-01,,2391501
cnae_mei_2391502,2391502,"Aparelhamento de pedras para construção, exceto associado à extração",2016-07-01,,2391502
cnae_mei_2391503,2391503,"Aparelhamento de placas e execução de trabalhos em mármore, granito, ardósia e outras pedras",2016-07-01,,2391503
cnae_mei_2399101,2399101,"Decoração, lapidação, gravação, vitrificação e outros trabalhos em cerâmica, louça, vidro e cristal",2016-07-01,,2399101
cnae_mei_2512800,2512800,Fabricação de esquadrias de metal,2016-07-01,,2512800
cnae_mei_2532201,2532201,Produção de artefatos estampados de metal,2016-07-01,,2532201
cnae_mei_2539001,2539001,"Serviços de usinagem, tornearia e solda",2016-07-01,,2539001
cnae_mei_2539002,2539002,Serviços de tratamento e revestimento em metais,2016-07-01,,2539002
cnae_mei_2541100,2541100,Fabricação de artigos de cutelaria,2016-07-01,,2541100
cnae_mei_2542000,2542000,"Fabricação de artigos de serralheria, exceto esquadrias",2016-07-01,,2542000
cnae_mei_2543800,2543800,Fabricação de ferramentas,2016-07-01,,2543800
cnae_mei_2599301,2599301,Serviços de confecção de armações metálicas para a construção,2016-07-01,,2599301
cnae_mei_2599399,2599399,Fabricação de outros produtos de metal não especificados anteriormente,2016-07-01,,2599399
cnae_mei_2740602,2740602,Fabricação de luminárias e outros equipamentos de iluminação,2016-07-01,,2740602
cnae_mei_2950600,2950600,Recondicionamento e recuperação de motores para veículos automotores,2016-07-01,,2950600
cnae_mei_3101200,3101200,Fabricação de móveis com predominância de madeira,2016-07-01,,3101200
cnae_mei_3102100,3102100,Fabricação de móveis com predominância de metal,2016-07-01,,3102100
cnae_mei_3103900,3103900,"Fabricação de móveis de outros materiais, exceto madeira e metal",2016-07-01,,3103900
cnae_mei_3104700,3104700,Fabricação de colchões,2016-07-01,,3104700
cnae_mei_3211601,3211601,Lapidação de gemas,2016-07-01,,3211601
cnae_mei_3211602,3211602,Fabricação de artefatos de joalheria e ourivesaria,2016-07-01,,3211602
cnae_mei_3211603,3211603,Cunhagem de moedas e medalhas,2016-07-01,,3211603
cnae_mei_3212400,3212400,Fabricação de bijuterias e artefatos semelhantes,2016-07-01,,3212400
cnae_mei_3220500,3220500,"Fabricação de instrumentos musicais, peças e acessórios",2016-07-01,,3220500
cnae_mei_3230200,3230200,Fabricação de artefatos para pesca e esporte,2016-07-01,,3230200
cnae_mei_3240099,3240099,Fabricação de outros brinquedos e jogos recreativos não especificados anteriormente,2016-07-01,,3240099
cnae_mei_3291400,3291400,"Fabricação de escovas, pincéis e vassouras",2016-07-01,,3291400
cnae_mei_3292202,3292202,Fabricação de equipamentos e acessórios para segurança pessoal e profissional,2016-07-01,,3292202
cnae_mei_3299001,3299001,Fabricação de guarda-chuvas e similares,2016-07-01,,3299001
cnae_mei_3299002,3299002,"Fabricação de canetas, lápis e outros artigos para escritório",2016-07-01,,3299002
cnae_mei_3299003,3299003,"Fabricação de letras, letreiros e placas de qualquer material, exceto luminosos",2016-07-01,,3299003
cnae_mei_3299004,3299004,Fabricação de painéis e letreiros luminosos,2016-07-01,,3299004
cnae_mei_3299005,3299005,Fabricação de aviamentos para costura,2016-07-01,,3299005
cnae_mei_3299006,3299006,"Fabricação de velas, inclusive decorativas",2016-07-01,,3299006
cnae_mei_3299099,3299099,Fabricação de produtos diversos não especificados anteriormente,2016-07-01,,3299099
cnae_mei_3311200,3311200,"Manutenção e reparação de tanques, reservatórios metálicos e caldeiras, exceto para veículos",2016-07-01,,3311200
cnae_mei_3313901,3313901,"Manutenção e reparação de geradores, transformadores e motores elétricos",2016-07-01,,3313901
cnae_mei_3313902,3313902,"Manutenção e reparação de baterias e acumuladores elétricos, exceto para veículos",2016-07-01,,3313902
cnae_mei_3313999,3313999,"Manutenção e reparação de máquinas, aparelhos e materiais elétricos não especificados anteriormente",2016-07-01,,3313999
cnae_mei_3314701,3314701,Manutenção e reparação de máquinas motrizes não-elétricas,2016-07-01,,3314701
cnae_mei_3314702,3314702,"Manutenção e reparação de equipamentos hidráulicos e pneumáticos, exceto válvulas",2016-07-01,,3314702
cnae_mei_3314706,3314706,"Manutenção e reparação de máquinas, aparelhos e equipamentos para instalações térmicas",2016-07-01,,3314706
cnae_mei_3314707,3314707,Manutenção e reparação de máquinas e aparelhos de refrigeração e ventilação para uso industrial e comercial,2016-07-01,,3314707
cnae_mei_3314709,3314709,"Manutenção e reparação de máquinas de escrever, calcular e de outros equipamentos não-eletrônicos para escritório",2016-07-01,,3314709
cnae_mei_3314710,3314710,Manutenção e reparação de máquinas e equipamentos para uso geral não especificados anteriormente,2016-07-01,,3314710
cnae_mei_3314711,3314711,Manutenção e reparação de máquinas e equipamentos para agricultura e pecuária,2016-07-01,,3314711
cnae_mei_3314712,3314712,Manutenção e reparação de tratores agrícolas,2016-07-01,,3314712
cnae_mei_3314719,3314719,"Manutenção e reparação de máquinas e equipamentos para as indústrias de alimentos, bebidas e fumo",2016-07-01,,3314719
cnae_mei_3314720,3314720,"Manutenção e reparação de máquinas e equipamentos para a indústria têxtil, do vestuário, do couro e calçados",2016-07-01,,3314720
cnae_mei_3314799,3314799,Manutenção e reparação de outras máquinas e equipamentos para usos industriais não especificados anteriormente,2016-07-01,,3314799
cnae_mei_3317102,3317102,Manutenção e reparação de embarcações para esporte e lazer,2016-07-01,,3317102
cnae_mei_3319800,3319800,Manutenção e reparação de equipamentos e produtos não especificados anteriormente,2016-07-01,,3319800
cnae_mei_3321000,3321000,Instalação de máquinas e equipamentos industriais,2016-07-01,,3321000
cnae_mei_3329501,3329501,Serviços de montagem de móveis de qualquer material,2016-07-01,,3329501
cnae_mei_3600602,3600602,Distribuição de água por caminhões,2016-07-01,,3600602
cnae_mei_3702900,3702900,"Atividades relacionadas a esgoto, exceto a gestão de redes",2016-07-01,,3702900
cnae_mei_3811400,3811400,Coleta de resíduos não-perigosos,2016-07-01,,3811400
cnae_mei_3812200,3812200,Coleta de resíduos perigosos,2016-07-01,,3812200
cnae_mei_3831901,3831901,Recuperação de sucatas de alumínio,2016-07-01,,3831901
cnae_mei_3831999,3831999,"Recuperação de materiais metálicos, exceto alumínio",2016-07-01,,3831999
cnae_mei_3832700,3832700,Recuperação de materiais plásticos,2016-07-01,,3832700
cnae_mei_3839499,3839499,Recuperação de materiais não especificados anteriormente,2016-07-01,,3839499
cnae_mei_4321500,4321500,Instalação e manutenção elétrica,2016-07-01,,4321500
cnae_mei_4322301,4322301,"Instalações hidráulicas, sanitárias e de gás",2016-07-01,,4322301
cnae_mei_4322302,4322302,"Instalação e manutenção de sistemas centrais de ar condicionado, de ventilação e refrigeração",2016-07-01,,4322302
cnae_mei_4322303,4322303,Instalações de sistema de prevenção contra incêndio,2016-07-01,,4322303
cnae_mei_4329101,4329101,Instalação de painéis publicitários,2016-07-01,,4329101
cnae_mei_4329102,4329102,Instalação de equipamentos para orientação à navegação marítima fluvial e lacustre,2016-07-01,,4329102
cnae_mei_4329103,4329103,"Instalação, manutenção e reparação de elevadores, escadas e esteiras rolantes",2016-07-01,,4329103
cnae_mei_4329104,4329104,"Montagem e instalação de sistemas e equipamentos de iluminação e sinalização em vias públicas, portos e aeroportos",2016-07-01,,4329104
cnae_mei_4329105,4329105,"Tratamentos térmicos, acústicos ou de vibração",2016-07-01,,4329105
cnae_mei_4330402,4330402,"Instalação de portas, janelas, tetos, divisórias e armários embutidos de qualquer material",2016-07-01,,4330402
cnae_mei_4330403,4330403,Obras de acabamento em gesso e estuque,2016-07-01,,4330403
cnae_mei_4330404,4330404,Serviços de pintura de edifícios em geral,2016-07-01,,4330404
cnae_mei_4330405,4330405,Aplicação de revestimentos e de resinas em interiores e exteriores,2016-07-01,,4330405
cnae_mei_4330499,4330499,Outras obras de acabamento da construção,2016-07-01,,4330499
cnae_mei_4399103,4399103,Obras de alvenaria,2016-07-01,,4399103
cnae_mei_4399105,4399105,Perfuração e construção de poços de água,2016-07-01,,4399105
cnae_mei_4399199,4399199,Serviços especializados para construção não especificados anteriormente,2016-07-01,,4399199
cnae_mei_4520001,4520001,Serviços de manutenção e reparação mecânica de veículos automotores,2016-07-01,,4520001
cnae_mei_4520002,4520002,Serviços de lanternagem ou funilaria e pintura de veículos automotores,2016-07-01,,4520002
cnae_mei_4520003,4520003,Serviços de manutenção e reparação elétrica de veículos automotores,2016-07-01,,4520003
cnae_mei_4520004,4520004,Serviços de alinhamento e balanceamento de veículos automotores,2016-07-01,,4520004
cnae_mei_4520005,4520005,"Serviços de lavagem, lubrificação e polimento de veículos automotores",2016-07-01,,4520005
cnae_mei_4520006,4520006,Serviços de borracharia para veículos automotores,2016-07-01,,4520006
cnae_mei_4520007,4520007,"Serviços de instalação, manutenção e reparação de acessórios para veículos automotores",2016-07-01,,4520007
cnae_mei_4520008,4520008,Serviços de capotaria,2016-07-01,,4520008
cnae_mei_4530703,4530703,Comércio a varejo de peças e acessórios novos para veículos automotores,2016-07-01,,4530703
cnae_mei_4530704,4530704,Comércio a varejo de peças e acessórios usados para veículos automotores,2016-07-01,,4530704
cnae_mei_4530705,4530705,Comércio a varejo de pneumáticos e câmaras-de-ar,2016-07-01,,4530705
cnae_mei_4541205,4541205,Comércio a varejo de peças e acessórios para motocicletas e motonetas,2016-07-01,,4541205
cnae_mei_4541206,4541206,Comércio a varelo de peças e acessórios novos para motocicletas e motonetas,2019-01-01,,4541205
cnae_mei_4541207,4541207,Comércio a varelo de peças e acessórios usados para motocicletas e motonetas,2019-01-01,,4541205
cnae_mei_4543900,4543900,Manutenção e reparação de motocicletas e motonetas,2016-07-01,,4543900
cnae_mei_4712100,4712100,"Comércio varejista de mercadorias em geral, com predominância de produtos alimentícios - minimercados, mercearias e armazéns",2016-07-01,,4712100
cnae_mei_4713002,4713002,"Lojas de variedades, exceto lojas de departamentos ou magazines",2016-07-01,,4713002
cnae_mei_4721102,4721102,Padaria e confeitaria com predominância de revenda,2016-07-01,,4721102
cnae_mei_4721103,4721103,Comércio varejista de laticínios e frios,2016-07-01,,4721103
cnae_mei_4721104,4721104,"Comércio varejista de doces, balas, bombons e semelhantes",2016-07-01,,4721104
cnae_mei_4722901,4722901,Comércio varejista de carnes - açougues,2016-07-01,,4722901
cnae_mei_4722902,4722902,Peixaria,2016-07-01,,4722902
cnae_mei_4723700,4723700,Comércio varejista de bebidas,2016-07-01,,4723700
cnae_mei_4724500,4724500,Comércio varejista de hortifrutigranjeiros,2016-07-01,,4724500
cnae_mei_4729601,4729601,Tabacaria,2016-07-01,,4729601
cnae_mei_4729699,4729699,Comércio varejista de produtos alimentícios em geral ou especializado em produtos alimentícios não especificados anteriormente,2016-07-01,,4729699
cnae_mei_4732600,4732600,Comércio varejista de lubrificantes,2016-07-01,,4732600
cnae_mei_4741500,4741500,Comércio varejista de tintas e materiais para pintura,2016-07-01,,4741500
cnae_mei_4742300,4742300,Comércio varejista de material elétrico,2016-07-01,,4742300
cnae_mei_4743100,4743100,Comércio varejista de vidros,2016-07-01,,4743100
cnae_mei_4744001,4744001,Comércio varejista de ferragens e ferramentas,2016-07-01,,4744001
cnae_mei_4744002,4744002,Comércio varejista de madeira e artefatos,2016-07-01,,4744002
cnae_mei_4744003,4744003,Comércio varejista de materiais hidráulicos,2016-07-01,,4744003
cnae_mei_4744004,4744004,"Comércio varejista de cal, areia, pedra britada, tijolos e telhas",2016-07-01,,4744004
cnae_mei_4744099,4744099,Comércio varejista de materiais de construção em geral,2016-07-01,,4744099
cnae_mei_4751201,4751201,Comércio varejista especializado de equipamentos e suprimentos de informática,2016-07-01,,4751201
cnae_mei_4751202,4751202,Recarga de cartuchos para equipamentos de informática,2016-07-01,,4751202
cnae_mei_4752100,4752100,Comércio varejista especializado de equipamentos de telefonia e comunicação,2016-07-01,,4752100
cnae_mei_4753900,4753900,Comércio varejista especializado de eletrodomésticos e equipamentos de áudio e vídeo,2016-07-01,,4753900
cnae_mei_4754701,4754701,Comércio varejista de móveis,2016-07-01,,4754701
cnae_mei_4754702,4754702,Comércio varejista de artigos de colchoaria,2016-07-01,,4754702
cnae_mei_4754703,4754703,Comércio varejista de artigos de iluminação,2016-07-01,,4754703
cnae_mei_4755501,4755501,Comércio varejista de tecidos,2016-07-01,,4755501
cnae_mei_4755502,4755502,Comercio varejista de artigos de armarinho,2016-07-01,,4755502
cnae_mei_4755503,4755503,"Comercio varejista de artigos de cama, mesa e banho",2016-07-01,,4755503
cnae_mei_4756300,4756300,Comércio varejista especializado de instrumentos musicais e acessórios,2016-07-01,,4756300
cnae_mei_4757100,4757100,"Comércio varejista especializado de peças e acessórios para aparelhos eletroeletrônicos para uso doméstico, exceto informática e comunicação",2016-07-01,,4757100
cnae_mei_4759801,4759801,"Comércio varejista de artigos de tapeçaria, cortinas e persianas",2016-07-01,,4759801
cnae_mei_4759899,4759899,Comércio varejista de outros artigos de uso pessoal e doméstico não especificados anteriormente,2016-07-01,,4759899
cnae_mei_4761001,4761001,Comércio varejista de livros,2016-07-01,,4761001
cnae_mei_4761002,4761002,Comércio varejista de jornais e revistas,2016-07-01,,4761002
cnae_mei_4761003,4761003,Comércio varejista de artigos de papelaria,2016-07-01,,4761003
cnae_mei_4762800,4762800,"Comércio varejista de discos, cds, dvds e fitas",2016-07-01,,4762800
cnae_mei_4763601,4763601,Comércio varejista de brinquedos e artigos recreativos,2016-07-01,,4763601
cnae_mei_4763602,4763602,Comércio varejista de artigos esportivos,2016-07-01,,4763602
cnae_mei_4763603,4763603,Comércio varejista de bicicletas e triciclos; peças e acessórios,2016-07-01,,4763603
cnae_mei_4763604,4763604,"Comércio varejista de artigos de caça, pesca e camping",2016-07-01,,4763604
cnae_mei_4771701,4771701,"Comércio varejista de produtos farmacêuticos, sem manipulação de fórmulas",2016-07-01,,4771701
cnae_mei_4771703,4771703,Comércio varejista de produtos farmacêuticos homeopáticos,2016-07-01,,4771703
cnae_mei_4771704,4771704,Comércio varejista de medicamentos veterinários,2016-07-01,,4771704
cnae_mei_4772500,4772500,"Comércio varejista de cosméticos, produtos de perfumaria e de higiene pessoal",2016-07-01,,4772500
cnae_mei_4773300,4773300,Comércio varejista de artigos médicos e ortopédicos,2016-07-01,,4773300
cnae_mei_4774100,4774100,Comércio varejista de artigos de óptica,2016-07-01,,4774100
cnae_mei_4781400,4781400,Comércio varejista de artigos do vestuário e acessórios,2016-07-01,,4781400
cnae_mei_4782201,4782201,Comércio varejista de calçados,2016-07-01,,4782201
cnae_mei_4782202,4782202,Comércio varejista de artigos de viagem,2016-07-01,,4782202
cnae_mei_4783101,4783101,Comércio varejista de artigos de joalheria,2016-07-01,,4783101
cnae_mei_4783102,4783102,Comércio varejista de artigos de relojoaria,2016-07-01,,4783102
cnae_mei_4784900,4784900,Comércio varejista de gás liquefeito de petróleo (GLP),2016-07-01,,4784900
cnae_mei_4785701,4785701,Comércio varejista de antiguidades,2016-07-01,,4785701
cnae_mei_4785799,4785799,Comércio varejista de outros artigos usados,2016-07-01,,4785799
cnae_mei_4789001,4789001,"Comércio varejista de suvenires, bijuterias e artesanatos",2016-07-01,,4789001
cnae_mei_4789002,4789002,Comércio varejista de plantas e flores naturais,2016-07-01,,4789002
cnae_mei_4789003,4789003,Comércio varejista de objetos de arte,2016-07-01,,4789003
cnae_mei_4789004,4789004,Comércio varejista de animais vivos e de artigos e alimentos para animais de estimação,2016-07-01,,4789004
cnae_mei_4789005,4789005,Comércio varejista de produtos saneantes domissanitários,2016-07-01,,4789005
cnae_mei_4789006,4789006,Comércio varejista de fogos de artifício e artigos pirotécnicos,2016-07-01,,4789006
cnae_mei_4789007,4789007,Comércio varejista de equipamentos para escritório,2016-07-01,,4789007
cnae_mei_4789008,4789008,Comércio varejista de artigos fotográficos e para filmagem,2016-07-01,,4789008
cnae_mei_4789099,4789099,Comércio varejista de outros produtos não especificados anteriormente,2016-07-01,,4789099
cnae_mei_4923001,4923001,Serviço de táxi,2016-07-01,,4923001
cnae_mei_4924800,4924800,Transporte escolar,2016-07-01,,4924800
cnae_mei_4929901,4929901,"Transporte rodoviário coletivo de passageiros, sob regime de fretamento, municipal",2016-07-01,,4929901
cnae_mei_4929902,4929902,"Transporte rodoviário coletivo de passageiros, sob regime de fretamento, intermunicipal, interestadual e internacional",2016-07-01,,4929902
cnae_mei_4929903,4929903,"Organização de excursões em veículos rodoviários próprios, municipal",2016-07-01,,4929903
cnae_mei_4930201,4930201,"Transporte rodoviário de carga, exceto produtos perigosos e mudanças, municipal",2016-07-01,,4930201
cnae_mei_4930202,4930202,"Transporte rodoviário de carga, exceto produtos perigosos e mudanças, intermunicipal, interestadual e internacional",2016-07-01,,4930202
cnae_mei_4930204,4930204,Transporte rodoviário de mudanças,2016-07-01,,4930204
cnae_mei_5011401,5011401,Transporte marítimo de cabotagem - carga,2016-07-01,,5011401
cnae_mei_5021101,5021101,"Transporte por navegação interior de carga, municipal, exceto travessia",2016-07-01,,5021101
cnae_mei_5091201,5091201,"Transporte por navegação de travessia, municipal",2016-07-01,,5091201
cnae_mei_5091202,5091202,"Transporte por navegação de travessia, intermunicipal, interestadual e internacional",2016-07-01,,5091202
cnae_mei_5099801,5099801,Transporte aquaviário para passeios turísticos,2016-07-01,,5099801
cnae_mei_5099899,5099899,Outros transportes aquaviários não especificados anteriormente,2016-07-01,,5099899
cnae_mei_5211702,5211702,Guarda-móveis,2016-07-01,,5211702
cnae_mei_5212500,5212500,Carga e descarga,2016-07-01,,5212500
cnae_mei_5223100,5223100,Estacionamento de veículos,2016-07-01,,5223100
cnae_mei_5229002,5229002,Serviços de reboque de veículos,2016-07-01,,5229002
cnae_mei_5310502,5310502,Atividades de franqueadas do Correio Nacional,2016-07-01,,5310502
cnae_mei_5320201,5320201,Serviços de malote não realizados pelo Correio Nacional,2016-07-01,,5320201
cnae_mei_5320202,5320202,Serviços de entrega rápida,2016-07-01,,5320202
cnae_mei_5590601,5590601,"Albergues, exceto assistenciais",2016-07-01,,5590601
cnae_mei_5590602,5590602,Campings,2016-07-01,,5590602
cnae_mei_5590603,5590603,Pensões (alojamento),2016-07-01,,5590603
cnae_mei_5590699,5590699,Outros alojamentos não especificados anteriormente,2016-07-01,,5590699
cnae_mei_5611201,5611201,Restaurantes e similares,2016-07-01,,5611201
cnae_mei_5611202,5611202,Bares e outros estabelecimentos especializados em servir bebidas,2016-07-01,,5611202
cnae_mei_5611203,5611203,"Lanchonetes, casas de chá, de sucos e similares",2016-07-01,,5611203
cnae_mei_5611204,5611204,"Bares e outros estabelecimentos especializados em servir bebidas, sem entretenimento",2019-01-01,2020-06-30,5611202
cnae_mei_5611204_279,5611204,"Bares e outros estabelecimentos especializados em servir bebidas, sem entretenimento",2020-07-01,,5611204
cnae_mei_5611205,5611205,"Bares e outros estabelecimentos especializados em servir bebidas, com entretenimento",2019-01-01,2020-06-30,5611202
cnae_mei_5611205_281,5611205,"Bares e outros estabelecimentos especializados em servir bebidas, com entretenimento",2020-07-01,,5611205
cnae_mei_5612100,5612100,Serviços ambulantes de alimentação,2016-07-01,,5612100
cnae_mei_5620101,5620101,Fornecimento de alimentos preparados preponderantemente para empresas,2016-07-01,,5620101
cnae_mei_5620102,5620102,Serviços de alimentação para eventos e recepções - bufê,2016-07-01,,5620102
cnae_mei_5620103,5620103,Cantinas - serviços de alimentação privativos,2016-07-01,,5620103
cnae_mei_5620104,5620104,Fornecimento de alimentos preparados preponderantemente para consumo domiciliar,2016-07-01,,5620104
cnae_mei_5811500,5811500,Edição de livros,2016-07-01,,5811500
cnae_mei_5812301,5812301,Editor de jornais diários,2016-07-01,,5812301
cnae_mei_5812302,5812302,Editor de jornais não diários,2016-07-01,,5812302
cnae_mei_5813100,5813100,Edição de revistas,2016-07-01,,5813100
cnae_mei_5819100,5819100,"Edição de cadastros, listas e de outros produtos gráficos",2016-07-01,,5819100
cnae_mei_5912001,5912001,Serviços de dublagem,2016-07-01,,5912001
cnae_mei_5912099,5912099,"Atividades de pós-produção cinematográfica, de vídeos e de programas de televisão não especificadas anteriormente",2016-07-01,,5912099
cnae_mei_6190699,6190699,Outras atividades de telecomunicações não especificadas anteriormente,2016-07-01,,6190699
cnae_mei_6399200,6399200,Outras atividades de prestação de serviços de informação não especificadas anteriormente,2016-07-01,,6399200
cnae_mei_7319002,7319002,Promoção de vendas,2016-07-01,,7319002
cnae_mei_7319003,7319003,Marketing direto,2016-07-01,,7319003
cnae_mei_7319099,7319099,Outras atividades de publicidade não especificadas anteriormente,2016-07-01,,7319099
cnae_mei_7420001,7420001,"Atividades de produção de fotografias, exceto aérea e submarina",2016-07-01,,7420001
cnae_mei_7420002,7420002,Atividades de produção de fotografias aéreas e submarinas,2016-07-01,,7420002
cnae_mei_7420003,7420003,Laboratórios fotográficos,2016-07-01,,7420003
cnae_mei_7420004,7420004,Filmagem de festas e eventos,2016-07-01,,7420004
cnae_mei_7490102,7490102,Escafandria e mergulho,2016-07-01,,7490102
cnae_mei_7719599,7719599,"Locação de outros meios de transporte não especificados anteriormente, sem condutor",2016-07-01,,7719599
cnae_mei_7721700,7721700,Aluguel de equipamentos recreativos e esportivos,2016-07-01,,7721700
cnae_mei_7722500,7722500,"Aluguel de fitas de vídeo, dvds e similares",2016-07-01,,7722500
cnae_mei_7723300,7723300,"Aluguel de objetos do vestuário, jóias e acessórios",2016-07-01,,7723300
cnae_mei_7729201,7729201,Aluguel de aparelhos de jogos eletrônicos,2016-07-01,,7729201
cnae_mei_7729202,7729202,"Aluguel de móveis, utensílios e aparelhos de uso doméstico e pessoal; instrumentos musicais",2016-07-01,,7729202
cnae_mei_7729203,7729203,Aluguel de material médico,2016-07-01,,7729203
cnae_mei_7729299,7729299,Aluguel de outros objetos pessoais e domésticos não especificados anteriormente,2016-07-01,,7729299
cnae_mei_7731400,7731400,Aluguel de máquinas e equipamentos agrícolas sem operador,2016-07-01,,7731400
cnae_mei_7732201,7732201,"Aluguel de máquinas e equipamentos para construção sem operador, exceto andaimes",2016-07-01,,7732201
cnae_mei_7732202,7732202,Aluguel de andaimes,2016-07-01,,7732202
cnae_mei_7733100,7733100,Aluguel de máquinas e equipamentos para escritórios,2016-07-01,,7733100
cnae_mei_7739002,7739002,"Aluguel de equipamentos científicos, médicos e hospitalares, sem operador",2016-07-01,,7739002
cnae_mei_7739003,7739003,"Aluguel de palcos, coberturas e outras estruturas de uso temporário, exceto andaimes",2016-07-01,,7739003
cnae_mei_7739099,7739099,"Aluguel de outras máquinas e equipamentos comerciais e industriais não especificados anteriormente, sem operador",2016-07-01,,7739099
cnae_mei_7911200,7911200,Agências de viagens,2016-07-01,,7911200
cnae_mei_7912100,7912100,Operadores turísticos,2016-07-01,,7912100
cnae_mei_7990200,7990200,Serviços de reservas e outros serviços de turismo não especificados anteriormente,2016-07-01,,7990200
cnae_mei_8011102,8011102,Serviços de adestramento de cães de guarda,2016-07-01,,8011102
cnae_mei_8020002,8020002,Outras atividades de serviços de segurança,2016-07-01,,8020002
cnae_mei_8122200,8122200,Imunização e controle de pragas urbanas,2016-07-01,,8122200
cnae_mei_8129000,8129000,Atividades de limpeza não especificadas anteriormente,2016-07-01,,8129000
cnae_mei_8130300,8130300,Atividades paisagísticas,2016-07-01,,8130300
cnae_mei_8219901,8219901,Fotocópias,2016-07-01,,8219901
cnae_mei_8219999,8219999,Preparação de documentos e serviços especializados de apoio administrativo não especificados anteriormente,2016-07-01,,8219999
cnae_mei_8230001,8230001,"Serviços de organização de feiras, congressos, exposições e festas",2016-07-01,,8230001
cnae_mei_8230002,8230002,Casas de festas e eventos,2016-07-01,,8230002
cnae_mei_8291100,8291100,Atividades de cobranças e informações cadastrais,2016-07-01,,8291100
cnae_mei_8292000,8292000,Envasamento e empacotamento sob contrato,2016-07-01,,8292000
cnae_mei_8299703,8299703,"Serviços de gravação de carimbos, exceto confecção",2016-07-01,,8299703
cnae_mei_8299707,8299707,Salas de acesso à internet,2016-07-01,,8299707
cnae_mei_8299799,8299799,Outras atividades de serviços prestados principalmente às empresas não especificadas anteriormente,2016-07-01,,8299799
cnae_mei_8592902,8592902,"Ensino de artes cênicas, exceto dança",2016-07-01,,8592902
cnae_mei_8592903,8592903,Ensino de música,2016-07-01,,8592903
cnae_mei_8592999,8592999,Ensino de arte e cultura não especificado anteriormente,2016-07-01,,8592999
cnae_mei_8593700,8593700,Ensino de idiomas,2016-07-01,,8593700
cnae_mei_8599603,8599603,Treinamento em informática,2016-07-01,,8599603
cnae_mei_8599604,8599604,Treinamento em desenvolvimento profissional e gerencial,2016-07-01,,8599604
cnae_mei_8599605,8599605,Cursos preparatórios para concursos,2016-07-01,,8599605
cnae_mei_8599699,8599699,Outras atividades de ensino não especificadas anteriormente,2016-07-01,,8599699
cnae_mei_8712300,8712300,Atividades de fornecimento de infra-estrutura de apoio e assistência a paciente no domicílio,2016-07-01,,8712300
cnae_mei_9001901,9001901,Produção teatral,2016-07-01,,9001901
cnae_mei_9001902,9001902,Produção musical,2016-07-01,,9001902
cnae_mei_9001906,9001906,Atividades de sonorização e de iluminação,2016-07-01,,9001906
cnae_mei_9002702,9002702,Restauração de obras de arte,2016-07-01,,9002702
cnae_mei_9102302,9102302,Restauração e conservação de lugares e prédios históricos,2016-07-01,,9102302
cnae_mei_9329803,9329803,"Exploração de jogos de sinuca, bilhar e similares",2016-07-01,,9329803
cnae_mei_9329804,9329804,Exploração de jogos eletrônicos recreativos,2016-07-01,,9329804
cnae_mei_9329899,9329899,Outras atividades de recreação e lazer não especificadas anteriormente,2016-07-01,,9329899
cnae_mei_9511800,9511800,Reparação e manutenção de computadores e de equipamentos periféricos,2016-07-01,,9511800
cnae_mei_9512600,9512600,Reparação e manutenção de equipamentos de comunicação,2016-07-01,,9512600
cnae_mei_9521500,9521500,Reparação e manutenção de equipamentos eletroeletrônicos de uso pessoal e doméstico,2016-07-01,,9521500
cnae_mei_9529101,9529101,"Reparação de calçados, de bolsas e artigos de viagem",2016-07-01,,9529101
cnae_mei_9529102,9529102,Chaveiros,2016-07-01,,9529102
cnae_mei_9529103,9529103,Reparação de relógios,2016-07-01,,9529103
cnae_mei_9529104,9529104,"Reparação de bicicletas, triciclos e outros veículos não-motorizados",2016-07-01,,9529104
cnae_mei_9529105,9529105,Reparação de artigos do mobiliário,2016-07-01,,9529105
cnae_mei_9529106,9529106,Reparação de jóias,2016-07-01,,9529106
cnae_mei_9529199,9529199,Reparação e manutenção de outros objetos e equipamentos pessoais e domésticos não especificados anteriormente,2016-07-01,,9529199
cnae_mei_9601701,9601701,Lavanderias,2016-07-01,,9601701
cnae_mei_9601702,9601702,Tinturarias,2016-07-01,,9601702
cnae_mei_9601703,9601703,Toalheiros,2016-07-01,,9601703
cnae_mei_9602501,9602501,"Cabeleireiros, manicure e pedicure",2016-07-01,,9602501
cnae_mei_9602502,9602502,Atividades de estética e outros serviços de cuidados com a beleza,2016-07-01,,9602502
cnae_mei_9603303,9603303,Serviços de sepultamento,2016-07-01,,9603303
cnae_mei_9603304,9603304,Serviços de funerárias,2016-07-01,,9603304
cnae_mei_9603399,9603399,Atividades funerárias e serviços relacionados não especificados anteriormente,2016-07-01,,9603399
cnae_mei_9609202,9609202,Agências matrimoniais,2016-07-01,,9609202
cnae_mei_9609206,9609206,Serviços de tatuagem e colocação de piercing,2016-07-01,,9609206
cnae_mei_9609207,9609207,Alojamento de animais domésticos,2016-07-01,,9609207
cnae_mei_9609208,9609208,Higiene e embelezamento de animais domésticos,2016-07-01,,9609208
cnae_mei_9609299,9609299,Outras atividades de serviços pessoais não especificadas anteriormente,2016-07-01,,9609299
cnae_mei_9700500,9700500,Serviços domésticos,2016-07-01,,9700500
cnae_mei_1091100,1091100,Fabricação de produtos de panificação,2016-07-01,,1091100
cnae_mei_1822900,1822900,Serviços de acabamentos gráficos,2016-07-01,,1822900
cnae_mei_2539000,2539000,"Serviços de usinagem, solda, tratamento e revestimento em metais",2016-07-01,,2539000
cnae_mei_8020000,8020000,Atividades de monitoramento de sistemas de segurança,2016-07-01,,8020000
cnae_mei_8690901,8690901,Atividades de práticas integrativas e complementares em saúde humana,2016-07-01,,8690901
cnae_mei_9609203,9609203,"Alojamento, higiene e embelezamento de animais",2016-07-01,,9609203
cnae_mei_4751200,4751200,Comércio varejista especializado de equipamentos e suprimentos de informática,2016-07-01,,4751200
cnae_mei_5812300,5812300,Edição de jornais,2016-07-01,,5812300
